Wine ref 	Alcohol %	Total Sulfur	Residual Sugar	Quality	Class
1	19.046	1123.5	20.885	11	1
2	17.931	966.89	25.746	8	1
3	19.047	1351.2	8.7366	6	1
4	16.395	1293.9	14.249	3	1
5	17.792	1226.6	40.858	0	1
6	18.439	1484.7	21.142	12	1
7	18.819	1287.9	14.799	2	1
8	18.275	1421.9	39.555	19	1
9	19.9	1245.5	0	0	1
10	20.121	1162.5	35.881	0	1
11	18.238	1275.1	37.133	11	1
12	19.004	1048.6	40.485	2	1
13	18.279	587.88	27.281	8	1
14	19.026	1429.1	34.759	0	1
15	17.143	1326.5	21.585	0	1
16	17.395	930.03	25.085	0	1
17	19.243	806.9	28.275	0	1
18	19.164	1197.6	36.506	3	1
19	17.846	1113.4	44.025	0	1
20	18.593	987.01	43.411	5	1
21	17.933	676.57	15.099	12	1
22	17.762	1224.8	30.532	0	1
23	18.135	609.94	39.158	0	1
24	17.76	966.46	17.938	14	1
25	16.522	1095	48.51	0	1
26	18.178	555.63	46.549	0	1
27	18.737	1049	27.95	0	1
28	18.633	594.23	67.788	2	1
29	18.46	765.8	43.811	9	1
30	17.982	1583.1	81.978	1	1
31	17.825	1145.3	51.591	0	1
32	19.402	1196.7	15.301	15	1
33	18.512	1003.1	63.399	16	1
34	17.62	1462	41.442	0	1
35	18.015	1473.8	49.91	0	1
36	18.892	1283	53.649	3	1
37	17.716	1082.7	58.519	10	1
38	17.304	1347.6	54.84	13	1
39	17.402	1224.4	21.123	0	1
40	19.184	1401	40.596	7	1
41	18.592	764.4	58.446	15	1
42	18.217	1117.5	67.83	0	1
43	18.999	702.52	55.938	10	1
44	18.368	1306.4	42.36	0	1
45	18.087	1395.9	42.341	0	1
46	16.815	1082.9	41.921	5	1
47	18.608	1130.7	62.727	2	1
48	18.031	1326.6	52.99	4	1
49	18.48	991.04	63.47	2	1
50	20.735	966.7	44.236	0	1
51	17.452	924.92	67.194	12	1
52	19.311	1091.2	55.807	0	1
53	18.851	1638.3	78.178	4	1
54	17.362	1009.8	39.11	17	1
55	19.217	704.14	45.731	13	1
56	19.509	1174.2	61.904	2	1
57	18.525	1072.6	62.703	16	1
58	18.808	999.23	51.182	14	1
59	17.172	965.27	62.106	14	1
60	19.338	1345.6	71.657	0	1
61	18.093	1231	44.174	2	1
62	16	773.32	79.633	0	1
63	18.856	1390.1	64.634	10	1
64	19.216	1555.9	50.805	4	1
65	19.877	1466.1	71.05	3	1
66	16.768	1260.2	87.196	3	1
67	16.537	962.04	97.24	15	1
68	18.43	893.02	92.2	0	1
69	18.205	1472.9	64.004	0	1
70	19.035	1186	50.03	6	1
71	19.639	1053	86.163	16	1
72	19.27	1336.2	60.864	0	1
73	18.888	1156.8	87.074	18	1
74	19.934	1169.7	86.252	11	1
75	17.692	832.59	61.993	0	1
76	16.703	1501.2	85.077	4	1
77	18.896	1288.5	76.389	0	1
78	17.749	877.13	83.683	6	1
79	18.151	958.42	82.065	0	1
80	18.624	1147.2	63.611	0	1
81	18.36	1225.9	71.391	15	1
82	18.072	1062.6	87.798	12	1
83	17.101	1025.6	79.435	5	1
84	18.378	1180.7	91.613	9	1
85	17.22	978.98	74.948	25	1
86	19.314	434.35	79.069	3	1
87	18.778	906.88	64.967	16	1
88	16.775	848.27	71.164	19	1
89	19.417	1333.2	63.409	0	1
90	19.223	1253.1	92.919	23	1
91	17.133	997.84	64.509	16	1
92	17.486	1216.3	101.33	29	1
93	18.283	898.07	89.6	0	1
94	17.934	1098.1	86.939	8	1
95	18.491	989.74	58.19	14	1
96	18.668	837.27	70.137	2	1
97	18.887	1021.9	68.667	8	1
98	17.13	708.83	88.526	10	1
99	19.645	1510	75.091	5	1
100	17.754	1398.4	99.95	15	1
101	19.728	926.25	89.125	17	1
102	19.146	1042.7	74.343	14	1
103	18.451	1289	85.372	12	1
104	18.484	793.84	73.288	5	1
105	17.593	1149.6	85.123	7	1
106	17.894	983.13	96.626	19	1
107	16.931	1006.3	91.423	0	1
108	17.76	1294	87.444	4	1
109	17.468	1015.5	81.805	6	1
110	18.352	985.81	69.634	5	1
111	18.714	1814.9	74.912	20	1
112	17.061	1758.2	75.702	11	1
113	18.031	784.94	73.391	12	1
114	17.122	581.51	90.029	7	1
115	18.356	1313.6	100.79	11	1
116	18.666	967.69	91.325	7	1
117	18.623	1187.9	95.904	6	1
118	19.25	1144.3	103.54	5	1
119	18.064	1310.1	99.93	9	1
120	18.576	894.98	83.058	32	1
121	17.598	1400.6	98.673	7	1
122	16.786	892.49	107.23	2	1
123	18.042	725.15	105.53	0	1
124	16.351	1078.9	99.42	20	1
125	19.852	1048.9	118.55	20	1
126	18.966	1506.9	82.004	15	1
127	16.86	1258.2	108.47	16	1
128	18.605	1022.2	96.811	2	1
129	18.031	740.72	107.78	9	1
130	19.749	1106.3	90.431	5	1
131	18.323	975.58	94.793	12	1
132	19.33	1185.2	99.702	21	1
133	18.209	1050.8	105.74	30	1
134	17.906	1208.5	107.87	17	1
135	17.755	851.53	97.984	25	1
136	16.807	866.44	101.49	6	1
137	18.019	1117.4	119.84	9	1
138	18.435	1133.1	103.4	7	1
139	18.267	944.33	99.519	12	1
140	19.537	1361.1	92.06	19	1
141	17.776	1460.5	102	18	1
142	17.796	1065.9	109.94	13	1
143	17.397	953.97	105.72	19	1
144	18.555	987.14	118.63	24	1
145	17.696	868.18	80.215	4	1
146	17.494	1328.8	97.338	5	1
147	19.314	735.7	123.05	17	1
148	18.067	777.03	111.02	7	1
149	18.656	1041.9	129.05	15	1
150	17.141	985.01	102.94	0	1
151	17.615	547.76	136.37	9	1
152	16.635	1072.8	101.26	10	1
153	19.072	1171.2	131.46	20	1
154	16.892	1019.1	123.2	12	1
155	18.398	719.58	118.18	10	1
156	16.238	810.99	106.77	18	1
157	17.817	458.55	121.23	0	1
158	19.349	1056	108.82	0	1
159	18.563	649.64	139.87	20	1
160	19.582	916.91	120.62	9	1
161	18.643	909.29	112.8	0	1
162	16.807	936.04	120.54	25	1
163	18.156	1109.1	102.46	0	1
164	17.424	905.81	107.81	25	1
165	18.086	1337.8	102.72	6	1
166	18.269	933.96	124.06	12	1
167	18.513	1396.7	139.08	18	1
168	18.154	1107.7	106.53	19	1
169	18.44	643.96	101.88	9	1
170	18.204	689.3	115.6	11	1
171	18.371	924.79	143.16	3	1
172	17.612	1158.2	135.02	12	1
173	16.712	1356.1	122.8	0	1
174	19.016	1266.8	121.25	12	1
175	18.167	1044.2	123.13	27	1
176	18.622	1215.5	150.24	16	1
177	18.522	1057.1	133.34	22	1
178	19.801	892.59	131.4	0	1
179	19.105	1141.4	130.43	19	1
180	18.231	936.77	147.17	0	1
181	17.92	1110.2	160.47	15	1
182	18.616	1266.6	143.67	20	1
183	18.814	961.4	158.11	26	1
184	18.637	1021.4	127.08	21	1
185	19.406	910.53	160.16	34	2
186	19.462	1085.3	135.23	13	1
187	18.791	1277.7	122.21	18	1
188	18.742	920.18	141.74	0	1
189	17.68	1225.3	143.43	0	1
190	19.21	1019.7	138.55	22	1
191	19.068	552.64	134.66	18	1
192	20.046	990.47	146.7	17	1
193	19.343	665.35	133.91	15	1
194	18.629	1203.1	145.1	13	1
195	17.389	655.86	146.17	17	1
196	18.052	1088.8	140.18	19	1
197	20.154	607.24	149.23	20	1
198	19.674	861.03	135.1	5	1
199	18.565	580.36	145.83	32	1
200	18.397	1004.6	149.22	8	1
201	18.075	1057.8	139.69	24	1
202	18.467	1196.7	137.93	8	1
203	18.611	953.46	155.34	20	1
204	16.767	1178.1	151.48	5	1
205	19.125	1104.5	153.89	25	1
206	17.025	1539.1	139.38	29	1
207	17.231	880.5	143.66	11	1
208	18.274	1317.4	158.66	17	1
209	18.751	1228	157.31	21	1
210	17.01	1163.7	150.12	26	1
211	16.809	986.07	135.97	28	1
212	19.802	1025.9	140.67	13	1
213	18.979	1420.2	134.87	5	1
214	19.689	1433.2	169.13	15	1
215	18.293	1314.4	144.5	19	1
216	18.151	963.08	160.68	2	1
217	18.048	1029	157.4	19	1
218	18.504	1304.6	161.88	21	1
219	18.546	862.54	159.7	23	1
220	19.237	858.59	147.04	0	1
221	18.665	624.21	164.82	23	1
222	18.58	1038.8	162.74	19	1
223	17.995	1254.1	161.21	20	1
224	17.743	449.56	162.38	9	1
225	17.891	1139.5	156.96	22	1
226	18.015	582.59	146.69	23	1
227	18.844	998.73	147.21	14	1
228	18.824	846.98	154.85	24	1
229	18.449	866.16	155.61	26	1
230	17.851	956.68	168.66	9	1
231	16.678	1016.5	167.52	12	1
232	18.848	1207.3	153.1	18	1
233	20.1	1107.9	167.7	25	1
234	16.356	658.98	178.02	16	1
235	18.041	863.67	185.47	15	1
236	19.152	435.98	173.53	25	1
237	18.838	1152.2	178.77	29	1
238	18.115	569.25	158.44	0	1
239	18.557	1118	156.45	21	1
240	18.711	1257.6	178.96	12	1
241	19.044	1062.2	201.85	30	1
242	18.35	1364	166.62	16	1
243	18.306	545.69	172.71	22	1
244	17.96	1003.4	165.5	22	1
245	17.906	858.83	174.59	30	1
246	17.257	869.67	171.81	28	1
247	18.925	563.49	158.55	18	1
248	18.748	995.21	177.41	19	1
249	18.833	762.92	179.91	12	1
250	17.17	1556.9	194.76	41	2
251	18.264	911.83	189.8	13	1
252	17.76	973.45	188.41	21	1
253	18.467	1039	174.74	29	1
254	20.641	223.28	152.92	25	1
255	18.391	942.06	175.02	28	1
256	18.313	1070.4	190.65	11	1
257	19.446	1300.5	175.07	16	1
258	19.313	938.47	161.47	12	1
259	17.912	1183.5	185.78	25	1
260	19.723	1141.6	195.7	16	1
261	19.663	599.43	179.17	21	1
262	17.507	816.59	188.64	13	1
263	18.466	749.3	180.48	23	1
264	18.884	1034.1	177.03	19	1
265	18.116	1018.5	162.94	17	1
266	18.323	1126.6	146.8	27	1
267	19.05	575.56	160.96	22	1
268	17.31	872.22	184.76	25	1
269	18.02	916.57	190.34	20	1
270	18.644	1031.6	173.96	15	1
271	17.628	974.3	174.46	25	1
272	19.75	1143.9	169.82	28	1
273	18.817	725.18	215.82	10	1
274	19.358	998.05	186.81	21	1
275	18.439	1118.5	176.6	26	1
276	17.299	936.93	199.68	20	1
277	20.077	988.57	184.97	25	1
278	18.87	1376.3	187.61	31	1
279	18.537	1060.8	198.78	25	1
280	19.364	833.74	184.74	26	1
281	20.746	893.48	166.4	32	1
282	18.503	1087	204.91	13	1
283	18.68	704.36	189.3	20	1
284	20.155	1080.8	191.79	22	1
285	18.629	650.23	209.49	18	1
286	16.476	623.72	191.03	23	1
287	18.689	1172	177.8	20	1
288	18.521	507.88	212.63	11	1
289	18.055	1168.5	181.94	10	1
290	16.551	1197.1	186.36	35	2
291	19.088	675	191.74	35	2
292	19.57	1020.7	180.76	33	2
293	19.249	1092.4	191.33	21	1
294	17.182	1130.3	211.76	39	2
295	17.759	655.26	186.33	40	2
296	19.315	1240	206.69	25	1
297	18.175	1221.7	193.35	42	2
298	18.05	899.31	229.9	28	1
299	16.597	950.57	226.24	24	1
300	17.332	967.69	205.05	27	1
301	17.151	1213.3	208.72	24	1
302	18.094	414.24	207.91	25	1
303	19.072	1010.9	190.63	29	1
304	19.221	940.39	204.95	20	1
305	19.502	835.02	216.2	22	1
306	18.252	1017.5	209.54	23	1
307	18.753	1044	235.26	25	1
308	18.369	980.33	217.14	30	1
309	16.471	777.39	227.58	23	1
310	17.541	704.93	203.59	12	1
311	17.794	105.76	215.49	23	1
312	19.173	776.22	229.69	13	1
313	18.899	926.98	195.2	28	1
314	17.647	1281.7	215.75	23	1
315	18.624	984.9	221.49	34	2
316	18.872	934.96	209.99	25	1
317	18.01	1164.2	217.83	27	1
318	18.135	805.7	199.97	52	2
319	18.619	648.8	231.69	27	1
320	17.674	1008.5	205.2	19	1
321	19.878	1010.4	217.41	39	2
322	19.964	649.92	215.42	26	1
323	19.087	752.9	210.69	20	1
324	17.606	1027.4	217.92	22	1
325	18.616	787.66	205.42	22	1
326	19.035	750.5	221.95	42	2
327	19.048	882.38	216.89	33	2
328	18.024	1221.3	227	19	1
329	19.172	1195.1	212.93	17	1
330	17.922	949.11	203.66	26	1
331	18.59	709.1	215.2	17	1
332	19.161	1183.5	244.92	17	1
333	19.481	791.1	213.13	13	1
334	17.861	1128.1	220.5	10	1
335	18.561	1240.3	219.5	50	2
336	18.235	1490.8	200.85	38	2
337	18.236	569.98	222.16	35	2
338	19.716	958.2	219.82	20	1
339	18.978	1351	239.96	36	2
340	20.339	970.41	206.39	21	1
341	17.594	1091.5	240.68	21	1
342	17.9	1069.1	255.06	29	1
343	17.129	1138.3	216.82	32	1
344	17.891	962.79	213.22	33	2
345	18.055	1213.9	232.29	32	1
346	18.789	1073.7	235.65	18	1
347	18.321	1220.3	238.09	21	1
348	18.655	972.35	232.91	36	2
349	17.092	1326.9	236.3	44	2
350	17.42	974.9	237.28	15	1
351	18.161	829.74	250.91	23	1
352	18.325	1226.8	229.07	32	1
353	18.124	892.41	221.17	19	1
354	19.783	827.32	238.37	31	1
355	17.648	1408.6	256.53	32	1
356	17.974	1095.5	223.78	14	1
357	17.583	985.82	243.92	15	1
358	18.072	1178.5	239.77	30	1
359	18.031	1208.9	252.15	20	1
360	18.57	980.58	228.01	15	1
361	17.198	788.75	248.63	30	1
362	18.152	952.36	253.12	33	2
363	19.171	565.74	268.18	25	1
364	19.133	873.86	245.46	31	1
365	17.196	908.34	251.02	27	1
366	17.621	1011.3	242.32	18	1
367	17.948	1133.3	266.48	22	1
368	18.588	956.94	252.54	36	2
369	17.729	1228.2	224.6	56	2
370	18.497	976.2	227.01	37	2
371	17.603	872.95	238.12	30	1
372	19.348	917.06	226.11	35	2
373	18.208	831.51	236.08	26	1
374	19.045	741.85	247.25	19	1
375	17.017	690.41	257.03	39	2
376	17.738	858.67	241.78	16	1
377	17.943	894.93	252.44	15	1
378	18.851	1173.6	266.24	11	1
379	18.851	886.81	266.1	44	2
380	19.983	1091.5	259.6	41	2
381	17.844	456.3	267.49	53	2
382	18.939	1216.7	247.9	36	2
383	18.651	1021.4	263	42	2
384	18.577	1070.5	294.96	35	2
385	19.03	841.01	248.03	38	2
386	17.674	1049.1	255.33	19	1
387	17.756	574.68	241.49	33	2
388	18.311	633.43	257.8	39	2
389	19.023	795.39	260.16	33	2
390	17.79	651.44	245.11	26	1
391	18.222	809	270.88	42	2
392	18.441	1105.2	249.7	27	1
393	18.849	1018.6	269.66	21	1
394	17.906	1001.3	268.47	31	1
395	19.93	504.33	267.96	19	1
396	19.708	752.2	289.1	39	2
397	17.369	1471.4	274.44	35	2
398	18.955	783.12	276.32	50	2
399	18.222	1078.4	268.76	37	2
400	18.775	1265.5	264.92	21	1
401	18.392	873.5	259.63	39	2
402	18.568	904.34	241.22	22	1
403	17.692	1226.4	270.3	24	1
404	19.364	1102.1	265.65	21	1
405	16.924	1093.8	265.45	46	2
406	18.57	916.46	279.92	26	1
407	18.427	1003.5	273.76	31	1
408	19.473	992.1	285.42	42	2
409	18.42	579.12	260.16	42	2
410	19.225	1062.2	266.18	43	2
411	18.231	649.39	275.18	35	2
412	17.737	438.85	264.07	55	2
413	19.346	577.82	271.77	40	2
414	18.177	754.5	273.09	43	2
415	18.452	1084.7	246.35	28	1
416	18.651	874.7	256.84	33	2
417	18.796	859.22	289.93	21	1
418	18.604	1179.1	255.34	42	2
419	18.174	557.24	284.33	32	1
420	17.812	1208.6	275.76	43	2
421	18.761	1156.4	305.58	35	2
422	19.583	735.14	288.33	30	1
423	17.959	1226.3	275.54	19	1
424	18.363	929.01	274.81	46	2
425	19.249	661.68	274.21	40	2
426	18.559	484.68	276.61	40	2
427	18.636	226.3	278.55	54	2
428	17.929	711.08	279	60	2
429	18.613	313.71	284.28	36	2
430	18.95	905.35	293.23	44	2
431	17.587	530.54	262.15	41	2
432	20.336	871.03	298.09	32	1
433	17.549	595.97	296.4	40	2
434	19.022	928.67	272.6	41	2
435	18.008	830.19	275.58	34	2
436	17.86	965.42	292.37	39	2
437	18.155	779.92	272.93	32	1
438	17.765	649.86	287.94	37	2
439	18.353	1123.4	261.56	36	2
440	17.874	848.87	309.82	40	2
441	19.27	512.51	271.27	41	2
442	19.547	239.06	285.39	43	2
443	19.139	923.14	282.76	30	1
444	19.636	569.74	308.33	28	1
445	17.547	600.2	291.91	20	1
446	17.675	741.24	275.2	49	2
447	17.715	1236.1	274.33	28	1
448	18.307	1322.4	293.27	27	1
449	17.814	376.02	290.79	43	2
450	18.942	1441.9	283.54	46	2
451	20.281	975.59	276.6	35	2
452	18.821	958.48	315.03	48	2
453	18.143	566.34	282.42	40	2
454	16.978	1339.9	281.54	45	2
455	17.816	1239.9	292.14	30	1
456	20.783	1146.8	297.06	38	2
457	18.011	905.98	299.82	23	1
458	18.814	964.48	305.34	31	1
459	19.575	821.35	317.53	39	2
460	18.787	795.45	299.72	29	1
461	18.105	597.11	323.15	44	2
462	17.916	1072.3	288.37	37	2
463	19.395	1204.2	299.01	32	1
464	17.921	908.52	300.98	42	2
465	18.077	884.39	312.33	58	2
466	18.222	1111	321.62	39	2
467	19.815	610.83	313.45	40	2
468	19.171	723.93	292.23	37	2
469	17.61	769.02	310.52	50	2
470	17.997	68.791	307.92	46	2
471	19.301	895.29	315.04	53	2
472	19.291	1197.9	300.6	34	2
473	16.517	1013.4	303.8	34	2
474	19.411	896.46	291.78	46	2
475	18.8	975.01	309.34	35	2
476	18.436	1067.8	320.86	48	2
477	19.25	595.04	301.43	61	2
478	16.796	729.73	320.08	51	2
479	18.073	959.8	317.24	29	1
480	17.304	1027.8	303.31	32	1
481	18.85	602.84	313.37	46	2
482	18.336	526.97	303.18	27	1
483	18.47	875.53	310	33	2
484	17.765	913.75	330.72	43	2
485	19.215	343.12	299.26	42	2
486	17.263	774.51	293.63	37	2
487	17.895	887.67	332.01	54	2
488	18.788	914.71	307.3	47	2
489	19.247	1301.6	324.3	49	2
490	18.573	455.67	312.52	49	2
491	19.039	728.58	301.28	37	2
492	17.563	884.15	312.76	40	2
493	17.241	678.81	327.52	45	2
494	17.472	772.8	344.13	38	2
495	18.488	1092.4	314.91	49	2
496	19.345	563	315.79	54	2
497	17.985	1382	320.1	43	2
498	18.26	951.05	342.01	51	2
499	17.725	854.99	334.52	50	2
500	17.545	836.69	318.35	34	2
501	19.341	920.04	326.83	54	2
502	17.554	627.26	346.81	35	2
503	19.932	681.97	326.43	48	2
504	17.544	984.13	329.19	62	2
505	18.36	1428.3	314.15	40	2
506	17.692	869.41	334.93	33	2
507	19.304	944.03	318.4	27	1
508	18.467	866.49	327.66	48	2
509	19.868	553.34	328.48	53	2
510	17.301	917.33	333.83	39	2
511	18.49	1110.2	356.94	36	2
512	19.199	1056.7	327.31	30	1
513	19.803	266.39	334.31	40	2
514	18.644	759.78	342.49	34	2
515	17.608	1009.8	337.15	35	2
516	19.57	879.18	345.78	45	2
517	19.342	758.85	325.64	41	2
518	18.663	1165.6	345.79	43	2
519	18.483	742.23	328.35	39	2
520	20.278	1068.5	336.69	40	2
521	17.203	1034.3	323.83	43	2
522	17.798	689.11	342.7	35	2
523	18.501	1025.8	348.64	44	2
524	18.138	848.9	339.29	39	2
525	17.801	692.16	327.76	49	2
526	17.76	1060.5	331.5	59	2
527	19.393	853.85	318.32	33	2
528	18.039	747.68	342.06	39	2
529	18.491	773.68	351.89	53	2
530	19.059	962.78	324.94	43	2
531	19.097	1478.9	317.29	35	2
532	17.902	883.42	351.28	48	2
533	17.333	1099.4	344.31	55	2
534	18.416	744.51	351.13	42	2
535	18.424	845.5	351.5	53	2
536	19.637	1071.6	334.3	41	2
537	18.009	1252.3	331.22	43	2
538	18.187	678.06	376.51	38	2
539	17.967	1072.7	344.2	59	2
540	17.755	1401.8	355.1	58	2
541	17.726	802.13	353.94	42	2
542	18.274	604.17	349.84	50	2
543	17.612	929.3	339.58	56	2
544	18.964	445.5	356.42	49	2
545	18.866	1233.5	368.35	41	2
546	17.231	739.06	352.1	50	2
547	19.785	214.18	353.22	31	1
548	18.289	631.9	357.65	38	2
549	19.053	796.74	353.67	24	1
550	18.778	367.29	355.63	43	2
551	17.967	548.97	354.52	49	2
552	19.021	927.98	346.53	41	2
553	19.606	1161.4	367.45	52	2
554	19.027	1238.9	337.35	50	2
555	18.068	474.63	352.18	46	2
556	18.309	1021.2	372.02	43	2
557	20.526	1038.1	359.4	30	1
558	19.41	556.68	378.05	59	2
559	18.588	762.09	360.07	39	2
560	17.375	1422.6	376.41	33	2
561	19.345	1386.2	373.41	45	2
562	17.954	954.16	342.54	36	2
563	19.424	876.29	362.79	54	2
564	18.712	745.42	373.51	36	2
565	16.897	963.57	355.83	53	2
566	19.285	872.37	373.46	37	2
567	19.162	976.58	362.71	64	2
568	19.037	876.73	356.68	58	2
569	17.241	971.18	355.55	25	1
570	17.623	589.77	361.29	44	2
571	19.454	415.54	373.78	50	2
572	19.082	560.12	388.07	55	2
573	18.203	611.63	378.28	45	2
574	18.266	642.61	354.34	62	2
575	18.624	662.46	375.62	53	2
576	18.788	1180.4	347.58	55	2
577	18.188	1032	368.94	44	2
578	17.19	597.09	366.2	44	2
579	18.116	1073.4	382.11	45	2
580	19.972	858.51	382.72	36	2
581	17.776	765.33	370.24	44	2
582	17.93	676.53	361.04	46	2
583	17.097	480.59	369.7	51	2
584	18.43	428.6	371.06	35	2
585	17.916	563.97	366.83	56	2
586	18.679	1007.5	394.39	35	2
587	18.673	682.82	355.78	53	2
588	18.455	990.48	363.3	48	2
589	19.002	964.33	373.47	44	2
590	18.528	910	383.28	55	2
591	18.684	720.34	366.63	61	2
592	17.926	1031.6	370.98	49	2
593	19.461	1278.7	395.99	44	2
594	18.532	680.8	385.38	41	2
595	19.23	699.28	380.2	52	2
596	18.388	988.03	371.02	38	2
597	18.537	847.04	382.08	50	2
598	16.622	1131.3	372.94	46	2
599	18.509	543.5	387.53	48	2
600	17.849	387.93	370.39	66	2
601	17.181	1049.2	387.79	59	2
602	18.366	282.14	384.42	36	2
603	18.874	783.21	381.46	46	2
604	18.143	1112	392.09	46	2
605	17.544	1014.6	381.13	55	2
606	19.294	756.68	387.59	50	2
607	20.123	512.13	392.38	46	2
608	19.363	844.91	380.04	49	2
609	18.085	1084.1	403.47	56	2
610	19.356	1000.5	413.52	54	2
611	17.473	513.96	372.64	67	3
612	18.283	956.53	371.76	30	1
613	19.706	1188.2	393.46	30	1
614	17.878	495.55	406.11	71	3
615	18.263	1122	401.41	46	2
616	18.957	657.67	372.23	55	2
617	19.337	903.65	388.83	48	2
618	18.199	569.82	402.31	54	2
619	17.627	814.71	404.28	49	2
620	18.255	652.44	396.21	57	2
621	19.577	853.16	386.89	58	2
622	18.748	360.61	401.12	40	2
623	19.609	828.07	399.45	40	2
624	18.063	183.74	406.41	49	2
625	17.446	807.52	393.27	58	2
626	18.395	953.46	413.43	41	2
627	17.769	1123	392.83	51	2
628	18.579	696.52	411.36	46	2
629	18.598	926.78	382.16	60	2
630	17.68	989.6	413.79	40	2
631	18.026	922.81	413.18	56	2
632	17.503	819.02	409.18	50	2
633	18.422	420.54	419.44	49	2
634	17.99	869.69	395.59	49	2
635	18.714	950.28	400.86	58	2
636	19.403	665.45	395.41	47	2
637	18.522	1423.5	417.8	45	2
638	16.925	731.5	417.91	51	2
639	19.349	1251.3	425.56	65	2
640	20.114	903.17	402.47	63	2
641	17.818	891.62	395.11	60	2
642	18.422	844.31	420.26	64	2
643	19.023	867.62	409.36	68	3
644	18.174	1277	418.46	50	2
645	18.795	1037.9	415.31	67	3
646	19.603	897.39	402.92	66	2
647	17.021	470.84	423.43	48	2
648	18.373	339.68	437.73	40	2
649	18.068	720.38	426.17	52	2
650	20.509	176.49	411.42	36	2
651	18.734	796.32	439.41	62	2
652	18.007	378.74	407.48	38	2
653	18.9	741.33	434.33	63	2
654	18.897	743.78	402.67	48	2
655	19.077	1311.1	416.61	47	2
656	20.118	381.43	424.93	51	2
657	19.506	495.94	429.51	55	2
658	19.754	1041.7	436.05	37	2
659	17.838	1042.1	409.22	61	2
660	17.469	1051.7	417.16	35	2
661	17.707	541.54	425.92	52	2
662	17.668	924.77	417.22	42	2
663	18.856	784.5	423.37	67	3
664	18.982	594.77	424.28	51	2
665	18.611	822.82	434.47	54	2
666	17.623	1324.7	432.55	56	2
667	18.247	575.88	435.55	65	2
668	19.3	922.82	382.69	64	2
669	19.033	556.81	422.82	63	2
670	18.357	615.63	445.34	65	2
671	19.132	1242.1	433.5	46	2
672	17.712	408.43	413.05	56	2
673	17.325	974.59	388.44	72	3
674	18.646	669.87	409.81	44	2
675	17.87	699.42	452.81	55	2
676	18.535	508.93	455.91	46	2
677	19.163	524.31	445.97	56	2
678	18.852	644.33	450.24	58	2
679	18.642	963.31	417.94	46	2
680	18.51	985.1	447.81	66	2
681	18.182	973.65	437.77	46	2
682	18.927	499.77	428.85	40	2
683	18.398	674.51	435.23	59	2
684	18.312	1339.3	452.59	66	2
685	20.819	813.62	414.27	50	2
686	17.504	792.69	422.91	66	2
687	18.071	626.91	421.4	43	2
688	18.282	914.65	439.41	61	2
689	19.663	760.51	421.69	62	2
690	18.858	724.39	425.97	49	2
691	19.409	780.86	440.77	38	2
692	18.345	401.52	450.71	56	2
693	19.593	819.2	449.46	47	2
694	18.881	540.61	426.43	61	2
695	19.52	730.24	427.53	43	2
696	19.197	233.28	444.66	63	2
697	18.784	1215	435.82	66	2
698	18.429	597.7	450.31	42	2
699	17.412	700.97	434.75	59	2
700	18.747	1045	444.02	52	2
701	18.722	631.6	450.75	55	2
702	18.867	813.59	462.1	55	2
703	18.408	754.91	441.89	69	3
704	18.671	898.4	470.19	38	2
705	18.07	853.59	445.73	48	2
706	19.058	739.32	424.04	58	2
707	17.029	798.95	448.55	46	2
708	19.815	1413.2	474.67	67	3
709	17.751	731.85	424.46	57	2
710	17.948	438.58	440.3	62	2
711	19.059	793.64	457.29	57	2
712	19.971	685.47	449.6	66	2
713	19.725	1239.2	451.8	48	2
714	18.015	1193.5	472.61	70	3
715	19.437	300.84	442.95	69	3
716	19.364	729.72	446.93	71	3
717	19.006	507.33	450.7	64	2
718	19.272	1194.9	446.15	62	2
719	19.853	994.23	457.47	45	2
720	18.485	682.01	447.38	66	2
721	18.137	703.5	486.96	56	2
722	18.213	858.23	451.16	60	2
723	17.006	870.5	477.32	63	2
724	18.115	611.99	460.65	66	2
725	18.242	730.57	479.16	67	3
726	18.849	1455.3	428.35	72	3
727	19.61	928.82	458.9	57	2
728	19.023	774.99	462.31	60	2
729	18.214	1147	452.57	62	2
730	18.818	581.97	461.17	54	2
731	18.782	1058.6	434.32	67	3
732	17.752	523.71	471.4	47	2
733	19.646	955.51	496.48	57	2
734	17.67	908.64	444.94	54	2
735	19.323	1092.3	473.62	65	2
736	17.375	853.7	479.05	65	2
737	17.493	575.96	458.23	62	2
738	19.136	720.77	468.97	49	2
739	18.674	1179.5	460.88	54	2
740	18.426	780.32	476.65	62	2
741	19.569	639.63	459.21	59	2
742	18.106	1069.8	467.57	53	2
743	19.298	89.156	487.48	50	2
744	19.801	630.78	470.81	58	2
745	19.349	950.77	476.05	54	2
746	17.878	1362.8	483.65	64	2
747	18.362	38.56	482.43	55	2
748	19.139	829.48	500.12	60	2
749	19.644	486.64	501.5	62	2
750	18.86	755.54	466.01	49	2
751	19.271	690.35	474.36	60	2
752	19.025	900.68	470.31	54	2
753	18.097	493.98	466.52	80	3
754	18.69	577.6	450.22	62	2
755	18.641	837.99	464.77	58	2
756	19.022	315.09	499.25	50	2
757	19.59	1288.7	460.74	66	2
758	18.943	771.67	464.29	49	2
759	20.368	1135.5	475.6	68	3
760	19.384	965.73	487.83	71	3
761	18.386	716.26	484.28	57	2
762	18.88	912.41	505.03	54	2
763	20.39	329.78	489.48	49	2
764	18.833	883	501.57	74	3
765	18.944	892.18	483.94	66	2
766	18.796	338.3	486.91	75	3
767	18.267	711.17	493.03	68	3
768	18.022	8.9748	476.01	55	2
769	18.416	918.98	478.53	57	2
770	17.279	344.54	473.33	65	2
771	19.296	709.28	491.59	67	3
772	19.068	589.17	498.26	61	2
773	18.33	1121.8	484.12	64	2
774	18.199	895.51	490.12	63	2
775	19.666	845.84	501.19	63	2
776	18.965	787.39	502.44	66	2
777	19.464	582.9	490.19	59	2
778	17.966	793.73	496.71	71	3
779	17.9	1143.6	494.38	61	2
780	18.9	684.54	481.27	57	2
781	17.744	796.28	499.35	85	3
782	19.605	820.27	511.49	56	2
783	18.583	808.06	486.92	79	3
784	18.742	803.64	489.77	64	2
785	17.345	853.02	500.23	62	2
786	19.052	1017.3	497.77	70	3
787	17.547	761.4	492.86	53	2
788	17.578	1032.5	522.58	62	2
789	19.21	479.53	504.12	69	3
790	19.163	613.85	487.3	59	2
791	19.392	800.26	510.77	77	3
792	18.639	432.4	484.23	64	2
793	18.741	762.38	490.82	85	3
794	18.934	686.14	498.12	65	2
795	18.838	578.33	486.73	78	3
796	18.472	669.52	492.72	63	2
797	18.844	584.6	500.81	62	2
798	18.838	645.76	530.61	66	2
799	19.005	885.14	525.32	63	2
800	17.762	812.17	487.68	62	2
801	19.666	449.94	515.29	59	2
802	19.174	502.9	498.99	66	2
803	19.521	549.13	498.37	68	3
804	19.277	1078.2	500.59	70	3
805	19.446	939.48	510.26	62	2
806	18.388	574.43	508.14	66	2
807	19.049	426.46	512.73	75	3
808	19.093	938.26	503.91	66	2
809	19.606	958.15	504.77	60	2
810	19.855	469.33	519.2	75	3
811	19.264	507.7	520.61	60	2
812	18.866	930.72	506.29	59	2
813	18.511	192.27	534.35	68	3
814	18.903	910.2	512.21	75	3
815	17.922	448.85	542.92	73	3
816	19.158	844.88	504.97	59	2
817	17.743	272.44	510.01	78	3
818	18.921	627.05	519.96	70	3
819	18.859	378.57	518.77	66	2
820	18.494	633.19	513.37	74	3
821	19.415	315.65	517.49	67	3
822	18.697	680.31	525.29	64	2
823	18.604	756.48	514.32	72	3
824	18.307	637.52	524.55	69	3
825	17.144	1355.5	530.84	69	3
826	18.172	948.07	545.39	59	2
827	17.566	707.52	510.4	65	2
828	18.752	727.04	525.34	70	3
829	19.111	595.26	527.8	63	2
830	19.728	702.51	513.55	70	3
831	19.362	839.43	505.88	69	3
832	17.761	105.16	544.05	66	2
833	19.283	1096.2	513.78	77	3
834	18.784	1027.2	531.28	64	2
835	17.598	565.73	528.22	65	2
836	17.463	885.37	520.17	57	2
837	18.294	770.78	520.19	84	3
838	19.124	700.99	541.7	71	3
839	19.179	852.09	528.1	55	2
840	19.687	859.69	529.06	66	2
841	19.309	140.46	539.88	60	2
842	18.126	587.68	529.17	72	3
843	19.001	533.04	529.73	64	2
844	18.185	886.33	523.34	57	2
845	18.967	415.52	528.38	83	3
846	17.339	590.07	522.33	64	2
847	19.25	985.76	514.95	63	2
848	16.892	768.86	528.52	76	3
849	18.555	1024.2	509.08	80	3
850	19.687	659.12	529.86	81	3
851	17.546	744.34	545.78	58	2
852	17.305	1054.9	547.82	83	3
853	19.593	561.42	530.79	59	2
854	18.832	968.96	534.88	59	2
855	17.122	812.46	542.67	79	3
856	19.861	995.99	552.14	75	3
857	18.817	730.12	518.68	56	2
858	18.767	787.28	537.57	69	3
859	19.689	1078.2	513.13	73	3
860	19.95	640.12	540.41	71	3
861	17.036	275.3	562.93	70	3
862	18.413	310.68	518.66	73	3
863	18.079	829.6	541.4	80	3
864	18.516	453.86	529.61	82	3
865	17.753	1017	535.76	85	3
866	16.709	701.15	542.3	91	3
867	18.386	851.69	539.76	70	3
868	20.156	919.98	560.43	64	2
869	20.463	846.3	548.54	77	3
870	19.315	602.54	545.93	80	3
871	17.055	730.45	559.32	74	3
872	17.26	682.93	520.02	70	3
873	17.655	901.84	559.45	75	3
874	16.934	305.41	543.67	71	3
875	19.167	717.28	550.6	44	2
876	18.798	620.76	542.93	63	2
877	18.334	968.18	561.06	70	3
878	18.995	830.01	552.71	73	3
879	19.416	470.33	549.94	70	3
880	17.776	488.75	543.15	80	3
881	17.713	690.42	560.14	54	2
882	18.114	1264.9	552	82	3
883	18.479	485.84	565.01	65	2
884	18.13	1004.6	559.74	68	3
885	19.262	677.23	526.72	66	2
886	18.043	421.23	545.61	81	3
887	19.529	370.87	566	85	3
888	20.174	472.51	556.54	76	3
889	18.703	255.16	563.21	66	2
890	18.533	725.43	562.25	75	3
891	17.9	779.15	577.63	64	2
892	17.654	817.18	563.41	75	3
893	19.304	511.07	581.11	72	3
894	17.828	212.19	552.04	62	2
895	18.835	862.33	570.24	69	3
896	18.645	421.19	539.86	82	3
897	17.767	837.7	540.07	76	3
898	20.401	1229.2	560.76	81	3
899	17.989	220.51	552.23	74	3
900	19.154	495.24	575.89	78	3
901	21.051	740.29	575.24	85	3
902	19.196	825.9	571.76	70	3
903	17.582	450.92	567.06	72	3
904	17.829	782.62	567.55	64	2
905	18.81	708.23	570.63	82	3
906	19.355	1161.9	572.73	69	3
907	18.354	895.8	581.49	66	2
908	18.97	507.41	551.65	72	3
909	18.828	267.36	571.31	86	3
910	16.835	724.99	590.86	81	3
911	19.965	364.61	570.94	76	3
912	18.322	207.95	582.59	75	3
913	18.122	838.66	575.93	77	3
914	19.808	393.1	580.1	77	3
915	18.604	574.87	571.92	74	3
916	18.492	757.54	590.5	66	2
917	19.052	663.04	567.35	69	3
918	17.907	790.96	584.57	73	3
919	18.746	806.88	561	74	3
920	19.026	1004	551.92	64	2
921	18.767	694.96	577.04	74	3
922	19.243	854.71	582.61	74	3
923	18.773	955.87	572.37	83	3
924	19.022	727.71	575.24	69	3
925	19.427	930.56	563.29	90	3
926	17.572	502.28	590.83	93	3
927	18.093	618.94	592.49	91	3
928	19.236	211.95	592.36	75	3
929	17.456	1151.9	580.8	81	3
930	17.654	681.4	567.9	81	3
931	19.555	661.82	557.13	93	3
932	18.461	532.46	599.06	87	3
933	18.269	898.36	591.3	71	3
934	19.185	237.36	591.69	77	3
935	19.702	475.22	599.93	88	3
936	17.054	0	585.32	77	3
937	18.995	438.76	593.68	61	2
938	18.967	635.15	592.79	60	2
939	19.924	605.31	583.52	80	3
940	18.359	446.79	574.45	80	3
941	19.074	702.15	585.16	71	3
942	17.412	292.2	591.42	86	3
943	16.539	581.17	581.4	80	3
944	19.525	365.78	604.4	88	3
945	16.639	744.1	595	75	3
946	18.208	270.4	597.64	81	3
947	17.071	397.19	616.34	77	3
948	18.631	661.25	614.37	68	3
949	19.82	650.91	627.08	75	3
950	19.979	492.5	597.3	81	3
951	18.232	700.33	575.96	85	3
952	19.469	300.85	615.78	71	3
953	19.037	919.04	607.44	95	3
954	19.888	1035.4	583.84	69	3
955	18.52	1008.8	589.19	77	3
956	17.135	1224.6	627.67	69	3
957	20.115	352.11	602.92	77	3
958	18.96	223.29	601.23	87	3
959	18.253	875.67	572	85	3
960	17.287	651.59	606.56	79	3
961	16.528	645.08	602.06	61	2
962	18.341	330.09	614.07	92	3
963	18.142	1161.3	599.04	80	3
964	18.619	892.59	606.74	82	3
965	19.039	896.08	600.77	66	2
966	18.624	811.57	606.01	71	3
967	18.432	555.37	600.76	82	3
968	19.359	1106.3	600.47	85	3
969	17.971	951.57	592.04	100	3
970	19.494	895.1	620.81	90	3
971	20.33	665.06	601.05	85	3
972	18.802	171.88	607.2	79	3
973	19.538	131.8	614.51	73	3
974	18.131	220.74	595.91	88	3
975	19.055	189.78	620.33	62	2
976	18.382	972.15	590.28	76	3
977	18.668	831.47	604.92	69	3
978	18.315	645.78	606	56	2
979	19.422	740.92	611.17	83	3
980	18.435	589.97	618.41	81	3
981	18.624	989.37	619.75	81	3
982	19.236	717.26	617.26	86	3
983	17.593	697.9	623.74	90	3
984	18.696	1096.9	601.84	86	3
985	19.996	515.53	626.88	75	3
986	19.152	387.96	611.03	77	3
987	18.136	737.28	613.53	76	3
988	19.587	804.21	612.91	81	3
989	20.481	624.89	605.26	90	3
990	20.081	574.93	610.95	81	3
991	19.732	155.59	606.19	85	3
992	18.216	453.15	606.89	87	3
993	18.37	430.78	629.71	76	3
994	18.865	775.11	636.96	84	3
995	18.491	392.16	615.1	84	3
996	18.591	707.67	619.73	74	3
997	19.303	542.96	606.81	77	3
998	17.802	149.2	617.66	93	3
999	19.246	724.79	621.66	93	3
1000	19.015	855.19	607.05	89	3
